customer_id,name,country,email
1,Sydney Davis,Sao Tome and Principe,kelseylane@example.net
2,Regina Atkins,Yemen,vscott@example.org
3,Meghan Johnson,Kuwait,cainteresa@example.net
4,Micheal Romero,Ethiopia,jason14@example.net
5,Antonio Howell,Niger,boydvictoria@example.com
6,Taylor Johnston,Antigua and Barbuda,josephjohnson@example.net
7,Laura Martin,Norfolk Island,tina14@example.com
8,Latasha Gordon,Gabon,luke03@example.net
9,Kathy Ward,Western Sahara,igrant@example.net
10,Tracey Spencer,Zambia,brookskaren@example.org
11,Brenda Collins,Tuvalu,floresjanet@example.net
12,Daniel Graham,Palau,matthew34@example.com
13,Diane Garcia,Paraguay,jennifer94@example.net
14,Mario Gibbs,Liberia,andrewshailey@example.com
15,Wendy Wolf DDS,Romania,ygonzales@example.com
16,Phillip Anderson,Macao,gjimenez@example.net
17,Phyllis Price,El Salvador,ramirezmichael@example.net
18,Todd Bryant,Algeria,henrycisneros@example.com
19,Dawn Reyes,Guernsey,egarcia@example.org
20,Debra Wright,Ghana,heidi00@example.com
21,Matthew Rivas,Singapore,jcalhoun@example.net
22,James Harper,Zambia,javery@example.org
23,Charles Wilson,Cayman Islands,esmith@example.net
24,Matthew Lawson,Bhutan,wsantos@example.net
25,Lindsey Bond,China,vwebb@example.com
26,Eric David,Marshall Islands,npaul@example.org
27,Matthew Lopez,Estonia,natalie27@example.org
28,Ashley Mills,Antarctica (the territory South of 60 deg S),dennis00@example.org
29,Stacy Mccoy,Romania,jeff39@example.org
30,Wendy Brooks,Guatemala,davissandra@example.net
31,Shirley Miller,Hong Kong,robinhill@example.org
32,Curtis Garza,Antigua and Barbuda,erik18@example.org
33,Ruben Walker,Belarus,robert39@example.org
34,Stephen Rangel,Afghanistan,stephenadams@example.org
35,Emily Spencer,Ethiopia,veronicamitchell@example.org
36,Sarah Doyle,Lao People's Democratic Republic,upowell@example.net
37,Daniel Brown,French Southern Territories,jennifermitchell@example.org
38,Lisa Wagner,Gibraltar,jfernandez@example.com
39,Amber Navarro,Comoros,fmullins@example.com
40,Benjamin Drake,Guyana,montoyamatthew@example.org
41,Crystal Smith,Singapore,jonesstephanie@example.org
42,Shawn Lara,Reunion,dominique03@example.com
43,Russell Molina,Armenia,alexanderstephens@example.com
44,Robert Tucker,Kuwait,mataamy@example.net
45,Sandra Wilson,Iran,brent04@example.org
46,Katie Sims,Monaco,lynnjesus@example.org
47,Teresa Morton,Falkland Islands (Malvinas),hugheslauren@example.net
48,Lindsey Jackson,Belarus,garzakimberly@example.org
49,Stacey West,Isle of Man,cindy70@example.net
50,William Stone,Mali,kramirez@example.com
51,Terry Hopkins,Romania,jason39@example.com
52,Jeffrey Weeks,Svalbard & Jan Mayen Islands,kendra58@example.net
53,Terrence Wise,Chad,websterselena@example.com
54,Julia Anderson,Taiwan,bschmidt@example.com
55,Carolyn Reed,Angola,wilsonrachel@example.org
56,Jay Scott,Guyana,mferrell@example.com
57,Mrs. Heather Phillips,United Arab Emirates,jamesolsen@example.net
58,Mr. Jacob Freeman,Tajikistan,ronald54@example.net
59,Michael Jones,Armenia,ehorne@example.org
60,Wendy Hardy,Cambodia,delgadopatrick@example.net
61,Natasha Young,Bhutan,nguyencheryl@example.com
62,Frank Bennett,United States Minor Outlying Islands,alexis28@example.org
63,Robert Matthews,Afghanistan,fhines@example.com
64,Charlene Brown,Taiwan,ryanwatson@example.com
65,Renee Cook,Korea,catherineburton@example.org
66,Theresa Henson,Guinea,jgutierrez@example.org
67,Deborah Martinez,Saint Kitts and Nevis,jvillarreal@example.net
68,Donna Long,South Africa,pjohnson@example.org
69,Donna Malone,French Polynesia,dparks@example.net
70,William Roberts,Fiji,cclark@example.org
71,Kimberly Smith MD,Benin,diazamanda@example.net
72,Tyler Miller,Japan,emily73@example.net
73,Carly Johnson,Saint Pierre and Miquelon,aaron38@example.com
74,Melissa Villanueva,Bahamas,kaylafrank@example.net
75,Jason Osborne,Pitcairn Islands,melissa74@example.org
76,Stephanie Webster,Guernsey,joel35@example.org
77,Megan Burke,Thailand,johnmartinez@example.org
78,Ryan Rogers,Svalbard & Jan Mayen Islands,cgreen@example.net
79,Jerry Meyer,Saint Kitts and Nevis,paul55@example.net
80,Jill Gutierrez,Bouvet Island (Bouvetoya),stephanie60@example.com
81,Vanessa Pena,Argentina,tbarajas@example.org
82,Penny Yoder,British Indian Ocean Territory (Chagos Archipelago),fhenry@example.org
83,Peter Dixon,Bermuda,thorntonsteven@example.com
84,Jose Johnson,Antigua and Barbuda,sthompson@example.org
85,Mike Taylor,Kuwait,dorisgarcia@example.net
86,Scott Crawford,Moldova,nancylewis@example.net
87,Eric Oconnor,Botswana,joshua52@example.net
88,Kimberly Crane,British Virgin Islands,carolyn97@example.com
89,James Gonzales,Bolivia,josephkhan@example.net
90,Emily Snyder,Gabon,lunajessica@example.org
91,Hannah Brown,New Caledonia,laura44@example.net
92,Joshua Neal,Pakistan,rfranklin@example.org
93,Mandy George,New Caledonia,jonathandavis@example.org
94,Mr. Gregory Davidson,Senegal,fromero@example.net
95,Kevin Walters,Maldives,rarmstrong@example.org
96,Karen Anderson,Zambia,owoods@example.net
97,Veronica Lowe,United States Virgin Islands,josevaldez@example.com
98,Emily Rhodes,Greenland,mooneyraymond@example.org
99,Scott House,Faroe Islands,sscott@example.org
100,Taylor Harris,Kiribati,denise77@example.net
